"0","a <- c(3, -2, 1)"
"0",""
"0","S <- matrix(c("
"0","  2, 1, 0,"
"0","  1, 3, 1,"
"0","  0, 1, 2"
"0","), nrow = 3, byrow = TRUE)"
"0",""
"0","x0 <- c(1, 0, -1)"
"0",""
"0","f_linear <- function(x) {"
"0","  sum(a * x)"
"0","}"
"0",""
"0","f_quadratic <- function(x) {"
"0","  as.numeric(t(x) %*% S %*% x)"
"0","}"
"0",""
"0","round(numDeriv::grad(f_linear, x0), 2)"
"1","[1]"
"1","  3"
"1"," -2"
"1","  1"
"1","
"
"0","round(numDeriv::grad(f_quadratic, x0), 2)"
"1","[1]"
"1","  4"
"1","  0"
"1"," -4"
"1","
"
